Year,Rank,Player,HomeRuns
2025,1,Cal Raleigh,60
2025,2,Kyle Schwarber,56
2025,3,Shohei Ohtani,55
2025,4,Aaron Judge,53
2025,5,Eugenio Suárez,49
2025,6,Junior Caminero,45
2025,7,Juan Soto,43
2025,8,Pete Alonso,38
2025,9,Jo Adell,37
2025,10,Nick Kurtz,36
2025,10,Riley Greene,36
2025,10,Taylor Ward,36
2024,1,Aaron Judge,58
2024,2,Shohei Ohtani,54
2024,3,Anthony Santander,44
2024,4,Juan Soto,41
2024,5,Marcell Ozuna,39
2024,5,José Ramírez,39
2024,5,Brent Rooker,39
2024,8,Kyle Schwarber,38
2024,9,Gunnar Henderson,37
2024,10,Ketel Marte,36
2023,1,Matt Olson,54
2023,2,Kyle Schwarber,47
2023,3,Pete Alonso,46
2023,4,Shohei Ohtani,44
2023,5,Ronald Acuña Jr.,41
2023,6,Marcell Ozuna,40
2023,7,Mookie Betts,39
2023,7,Adolis García,39
2023,9,Luis Robert Jr.,38
2023,10,Austin Riley,37
2023,10,Aaron Judge,37
2022,1,Aaron Judge,62
2022,2,Kyle Schwarber,46
2022,3,Mike Trout,40
2022,3,Pete Alonso,40
2022,5,Austin Riley,38
2022,6,Yordan Alvarez,37
2022,7,Christian Walker,36
2022,8,Mookie Betts,35
2022,8,Rowdy Tellez,35
2022,8,Paul Goldschmidt,35
2021,1,Salvador Perez,48
2021,1,Vladimir Guerrero Jr.,48
2021,3,Shohei Ohtani,46
2021,4,Marcus Semien,45
2021,5,Fernando Tatis Jr.,42
2021,6,Aaron Judge,39
2021,6,Matt Olson,39
2021,6,Mitch Haniger,39
2021,6,Brandon Lowe,39
2021,10,Rafael Devers,38
2021,10,Joey Gallo,38
2021,10,Adam Duvall,38
2020,1,Luke Voit,22
2020,2,José Abreu,19
2020,3,Marcell Ozuna,18
2020,4,José Ramírez,17
2020,4,Mike Trout,17
2020,4,Fernando Tatis Jr.,17
2020,7,Kole Calhoun,16
2020,7,Adam Duvall,16
2020,7,Mookie Betts,16
2020,7,AJ Pollock,16
2020,7,Nelson Cruz,16
2020,7,Pete Alonso,16
2020,7,Manny Machado,16
2020,7,Teoscar Hernández,16
2019,1,Pete Alonso,53
2019,2,Eugenio Suárez,49
2019,3,Jorge Soler,48
2019,4,Cody Bellinger,47
2019,5,Mike Trout,45
2019,6,Christian Yelich,44
2019,7,Ronald Acuña Jr.,41
2019,7,Nolan Arenado,41
2019,7,Alex Bregman,41
2019,7,Nelson Cruz,41
2018,1,Khris Davis,48
2018,2,J.D. Martinez,43
2018,3,Joey Gallo,40
2018,4,José Ramírez,39
2018,4,Mike Trout,39
2018,6,Francisco Lindor,38
2018,6,Nolan Arenado,38
2018,6,Giancarlo Stanton,38
2018,9,Trevor Story,37
2018,9,Nelson Cruz,37
2018,9,Manny Machado,37
2017,1,Giancarlo Stanton,59
2017,2,Aaron Judge,52
2017,3,J.D. Martinez,45
2017,4,Khris Davis,43
2017,5,Joey Gallo,41
2017,6,Cody Bellinger,39
2017,6,Nelson Cruz,39
2017,8,Edwin Encarnación,38
2017,8,Mike Moustakas,38
2017,8,Logan Morrison,38
2017,8,Justin Smoak,38
2016,1,Mark Trumbo,47
2016,2,Nelson Cruz,43
2016,3,Brian Dozier,42
2016,3,Khris Davis,42
2016,3,Edwin Encarnación,42
2016,6,Nolan Arenado,41
2016,6,Chris Carter,41
2016,8,Todd Frazier,40
2016,9,Kris Bryant,39
2016,9,Robinson Canó,39
2015,1,Chris Davis,47
2015,2,Nelson Cruz,44
2015,3,Nolan Arenado,42
2015,3,Bryce Harper,42
2015,5,Mike Trout,41
2015,5,Josh Donaldson,41
2015,7,Carlos González,40
2015,7,Albert Pujols,40
2015,7,José Bautista,40
2015,10,Edwin Encarnación,39
2014,1,Nelson Cruz,40
2014,2,Chris Carter,37
2014,2,Giancarlo Stanton,37
2014,4,José Abreu,36
2014,4,Mike Trout,36
2014,6,David Ortiz,35
2014,6,José Bautista,35
2014,8,Edwin Encarnación,34
2014,9,Anthony Rizzo,32
2014,9,Víctor Martínez,32
2013,1,Chris Davis,53
2013,2,Miguel Cabrera,44
2013,3,Paul Goldschmidt,36
2013,3,Pedro Álvarez,36
2013,3,Edwin Encarnación,36
2013,6,Adam Dunn,34
2013,6,Mark Trumbo,34
2013,6,Alfonso Soriano,34
2013,9,Adam Jones,33
2013,10,Evan Longoria,32
2012,1,Miguel Cabrera,44
2012,2,Curtis Granderson,43
2012,2,Josh Hamilton,43
2012,4,Edwin Encarnación,42
2012,5,Adam Dunn,41
2012,5,Ryan Braun,41
2012,7,Giancarlo Stanton,37
2012,8,Adrian Beltré,36
2012,9,Josh Willingham,35
2012,10,Jay Bruce,34
2011,1,José Bautista,43
2011,2,Curtis Granderson,41
2011,3,Matt Kemp,39
2011,3,Mark Teixeira,39
2011,5,Prince Fielder,38
2011,6,Mark Reynolds,37
2011,6,Albert Pujols,37
2011,8,Dan Uggla,36
2011,9,Giancarlo Stanton,34
2011,10,Ryan Braun,33
2011,10,Ryan Howard,33
2010,1,José Bautista,54
2010,2,Albert Pujols,42
2010,3,Paul Konerko,39
2010,4,Miguel Cabrera,38
2010,4,Adam Dunn,38
2010,6,Joey Votto,37
2010,7,Carlos González,34
2010,8,Dan Uggla,33
2010,8,Mark Teixeira,33
2010,10,Mark Reynolds,32
2010,10,David Ortiz,32
2010,10,Prince Fielder,32
2010,10,Josh Hamilton,32
2009,1,Albert Pujols,47
2009,2,Prince Fielder,46
2009,3,Ryan Howard,45
2009,4,Mark Reynolds,44
2009,5,Adrián González,40
2009,6,Mark Teixeira,39
2009,6,Carlos Peña,39
2009,8,Adam Dunn,38
2009,9,Jason Bay,36
2009,9,Jayson Werth,36
2009,9,Aaron Hill,36
2008,1,Ryan Howard,48
2008,2,Adam Dunn,40
2008,3,Carlos Delgado,38
2008,4,Miguel Cabrera,37
2008,4,Ryan Braun,37
2008,4,Ryan Ludwick,37
2008,4,Albert Pujols,37
2008,4,Manny Ramirez,37
2008,9,Carlos Quentin,36
2008,9,Adrián González,36
2007,1,Alex Rodriguez,54
2007,2,Prince Fielder,50
2007,3,Ryan Howard,47
2007,4,Carlos Peña,46
2007,5,Adam Dunn,40
2007,6,Matt Holliday,36
2007,7,David Ortiz,35
2007,7,Jim Thome,35
2007,9,Miguel Cabrera,34
2007,9,Lance Berkman,34
2007,9,Ryan Braun,34
2006,1,Ryan Howard,58
2006,2,David Ortiz,54
2006,3,Albert Pujols,49
2006,4,Alfonso Soriano,46
2006,5,Lance Berkman,45
2006,6,Jermaine Dye,44
2006,7,Jim Thome,42
2006,7,Travis Hafner,42
2006,9,Andruw Jones,41
2006,9,Carlos Beltrán,41
2005,1,Andruw Jones,51
2005,2,Alex Rodriguez,48
2005,3,David Ortiz,47
2005,4,Derrek Lee,46
2005,5,Manny Ramirez,45
2005,6,Mark Teixeira,43
2005,7,Albert Pujols,41
2005,8,Paul Konerko,40
2005,8,Adam Dunn,40
2005,10,Richie Sexson,39
2004,1,Adrian Beltré,48
2004,2,Adam Dunn,46
2004,2,Albert Pujols,46
2004,4,Barry Bonds,45
2004,5,Manny Ramirez,43
2004,6,Jim Thome,42
2004,6,Jim Edmonds,42
2004,8,David Ortiz,41
2004,8,Paul Konerko,41
2004,10,Vladimir Guerrero,39
2004,10,Moisés Alou,39
2003,1,Jim Thome,47
2003,1,Alex Rodriguez,47
2003,3,Richie Sexson,45
2003,3,Barry Bonds,45
2003,5,Javy López,43
2003,5,Albert Pujols,43
2003,7,Frank Thomas,42
2003,7,Carlos Delgado,42
2003,9,Jason Giambi,41
2003,10,Sammy Sosa,40
2002,1,Alex Rodriguez,57
2002,2,Jim Thome,52
2002,3,Sammy Sosa,49
2002,4,Barry Bonds,46
2002,5,Rafael Palmeiro,43
2002,6,Lance Berkman,42
2002,6,Shawn Green,42
2002,8,Jason Giambi,41
2002,9,Vladimir Guerrero,39
2002,9,Alfonso Soriano,39
2001,1,Barry Bonds,73
2001,2,Sammy Sosa,64
2001,3,Luis Gonzalez,57
2001,4,Alex Rodriguez,52
2001,5,Jim Thome,49
2001,5,Todd Helton,49
2001,5,Shawn Green,49
2001,8,Rafael Palmeiro,47
2001,9,Richie Sexson,45
2001,10,Troy Glaus,41
2001,10,Manny Ramirez,41
2001,10,Phil Nevin,41
2000,1,Sammy Sosa,50
2000,2,Barry Bonds,49
2000,3,Troy Glaus,47
2000,3,Jeff Bagwell,47
2000,5,Richard Hidalgo,44
2000,5,Vladimir Guerrero,44
2000,7,Frank Thomas,43
2000,7,Gary Sheffield,43
2000,7,Jason Giambi,43
2000,10,Todd Helton,42
2000,10,Jim Edmonds,42
1999,1,Mark McGwire,65
1999,2,Sammy Sosa,63
1999,3,Ken Griffey Jr.,48
1999,4,Rafael Palmeiro,47
1999,5,Chipper Jones,45
1999,5,Greg Vaughn,45
1999,7,Manny Ramirez,44
1999,7,Carlos Delgado,44
1999,9,Jeff Bagwell,42
1999,9,Vladimir Guerrero,42
1999,9,Alex Rodriguez,42
1999,9,Shawn Green,42
1998,1,Mark McGwire,70
1998,2,Sammy Sosa,66
1998,3,Ken Griffey Jr.,56
1998,4,Greg Vaughn,50
1998,5,Albert Belle,49
1998,6,Vinny Castilla,46
1998,6,José Canseco,46
1998,8,Manny Ramirez,45
1998,8,Juan González,45
1998,10,Andrés Galarraga,44
1997,1,Mark McGwire,58
1997,2,Ken Griffey Jr.,56
1997,3,Larry Walker,49
1997,4,Tino Martinez,44
1997,5,Jeff Bagwell,43
1997,6,Juan González,42
1997,7,Andrés Galarraga,41
1997,8,Jim Thome,40
1997,8,Vinny Castilla,40
1997,8,Mike Piazza,40
1997,8,Jay Buhner,40
1997,8,Barry Bonds,40
1996,1,Mark McGwire,52
1996,2,Brady Anderson,50
1996,3,Ken Griffey Jr.,49
1996,4,Albert Belle,48
1996,5,Andrés Galarraga,47
1996,5,Juan González,47
1996,7,Mo Vaughn,44
1996,7,Jay Buhner,44
1996,9,Gary Sheffield,42
1996,9,Barry Bonds,42
1995,1,Albert Belle,50
1995,2,Frank Thomas,40
1995,2,Dante Bichette,40
1995,2,Jay Buhner,40
1995,5,Rafael Palmeiro,39
1995,5,Mo Vaughn,39
1995,5,Mark McGwire,39
1995,8,Sammy Sosa,36
1995,8,Larry Walker,36
1995,10,Gary Gaetti,35
1994,1,Matt Williams,43
1994,2,Ken Griffey Jr.,40
1994,3,Jeff Bagwell,39
1994,4,Frank Thomas,38
1994,5,Barry Bonds,37
1994,6,Albert Belle,36
1994,7,Fred McGriff,34
1994,8,Andrés Galarraga,31
1994,8,José Canseco,31
1994,10,Kevin Mitchell,30
1993,1,Barry Bonds,46
1993,1,Juan González,46
1993,3,Ken Griffey Jr.,45
1993,4,Frank Thomas,41
1993,5,David Justice,40
1993,6,Albert Belle,38
1993,6,Matt Williams,38
1993,8,Rafael Palmeiro,37
1993,8,Fred McGriff,37
1993,10,Ron Gant,36
1992,1,Juan González,43
1992,2,Mark McGwire,42
1992,3,Cecil Fielder,35
1992,3,Fred McGriff,35
1992,5,Albert Belle,34
1992,5,Barry Bonds,34
1992,5,Joe Carter,34
1992,8,Gary Sheffield,33
1992,9,Rob Deer,32
1992,9,Mickey Tettleton,32
1991,1,Cecil Fielder,44
1991,1,José Canseco,44
1991,3,Howard Johnson,38
1991,4,Cal Ripken Jr.,34
1991,4,Matt Williams,34
1991,6,Joe Carter,33
1991,7,Ron Gant,32
1991,7,Frank Thomas,32
1991,9,Andre Dawson,31
1991,9,Mickey Tettleton,31
1991,9,Danny Tartabull,31
1991,9,Fred McGriff,31
1990,1,Cecil Fielder,51
1990,2,Ryne Sandberg,40
1990,3,Mark McGwire,39
1990,4,Darryl Strawberry,37
1990,4,José Canseco,37
1990,6,Kevin Mitchell,35
1990,6,Fred McGriff,35
1990,8,Barry Bonds,33
1990,8,Matt Williams,33
1990,10,Ron Gant,32
1990,10,Bobby Bonilla,32
1989,1,Kevin Mitchell,47
1989,2,Howard Johnson,36
1989,2,Fred McGriff,36
1989,4,Joe Carter,35
1989,5,Eric Davis,34
1989,5,Glenn Davis,34
1989,7,Mark McGwire,33
1989,8,Bo Jackson,32
1989,9,Nick Esasky,30
1989,9,Ryne Sandberg,30
1988,1,José Canseco,42
1988,2,Darryl Strawberry,39
1988,3,Fred McGriff,34
1988,4,Mark McGwire,32
1988,5,Glenn Davis,30
1988,6,Andrés Galarraga,29
1988,6,Will Clark,29
1988,8,Eddie Murray,28
1988,8,Gary Gaetti,28
1988,10,Joe Carter,27
1988,10,Kevin McReynolds,27
1988,10,Jack Clark,27
1987,1,Andre Dawson,49
1987,1,Mark McGwire,49
1987,3,George Bell,47
1987,4,Dale Murphy,44
1987,5,Darryl Strawberry,39
1987,6,Eric Davis,37
1987,7,Howard Johnson,36
1987,8,Mike Schmidt,35
1987,8,Will Clark,35
1987,8,Jack Clark,35
1986,1,Jesse Barfield,40
1986,2,Mike Schmidt,37
1986,3,Dave Kingman,35
1986,4,Gary Gaetti,34
1986,5,Rob Deer,33
1986,5,José Canseco,33
1986,7,Don Baylor,31
1986,7,Dave Parker,31
1986,7,Glenn Davis,31
1986,7,Kirby Puckett,31
1986,7,Don Mattingly,31
1986,7,George Bell,31
1985,1,Darrell Evans,40
1985,2,Dale Murphy,37
1985,2,Carlton Fisk,37
1985,4,Steve Balboni,36
1985,5,Don Mattingly,35
1985,6,Dave Parker,34
1985,7,Pedro Guerrero,33
1985,7,Mike Schmidt,33
1985,9,Gary Carter,32
1985,9,Gorman Thomas,32
1984,1,Tony Armas,43
1984,2,Dale Murphy,36
1984,2,Mike Schmidt,36
1984,4,Dave Kingman,35
1984,5,Andre Thornton,33
1984,5,Lance Parrish,33
1984,5,Dwayne Murphy,33
1984,8,Dwight Evans,32
1984,8,Ron Kittle,32
1984,8,Tom Brunansky,32
1983,1,Mike Schmidt,40
1983,2,Jim Rice,39
1983,3,Dale Murphy,36
1983,3,Tony Armas,36
1983,5,Ron Kittle,35
1983,6,Eddie Murray,33
1983,7,Greg Luzinski,32
1983,7,Pedro Guerrero,32
1983,7,Andre Dawson,32
1983,7,Dave Winfield,32
1982,1,Reggie Jackson,39
1982,1,Gorman Thomas,39
1982,3,Dave Kingman,37
1982,3,Dave Winfield,37
1982,5,Dale Murphy,36
1982,6,Mike Schmidt,35
1982,7,Ben Oglivie,34
1982,8,Bob Horner,32
1982,8,Eddie Murray,32
1982,8,Dwight Evans,32
1982,8,Andre Thornton,32
1982,8,Lance Parrish,32
1982,8,Pedro Guerrero,32
1982,8,Cecil Cooper,32
1981,1,Mike Schmidt,31
1981,2,Andre Dawson,24
1981,3,Eddie Murray,22
1981,3,Dwight Evans,22
1981,3,Bobby Grich,22
1981,3,George Foster,22
1981,3,Dave Kingman,22
1981,3,Tony Armas,22
1981,9,Greg Luzinski,21
1981,9,Gorman Thomas,21
1980,1,Mike Schmidt,48
1980,2,Ben Oglivie,41
1980,2,Reggie Jackson,41
1980,4,Gorman Thomas,38
1980,5,Bob Horner,35
1980,5,Tony Armas,35
1980,7,Dale Murphy,33
1980,8,Eddie Murray,32
1980,9,John Mayberry,30
1980,10,Dusty Baker,29
1980,10,Gary Carter,29
1979,1,Dave Kingman,48
1979,2,Gorman Thomas,45
1979,2,Mike Schmidt,45
1979,4,Fred Lynn,39
1979,4,Jim Rice,39
1979,6,Don Baylor,36
1979,7,Ken Singleton,35
1979,8,Dave Winfield,34
1979,9,Bob Horner,33
1979,10,Willie Stargell,32
1978,1,Jim Rice,46
1978,2,George Foster,40
1978,3,Greg Luzinski,35
1978,4,Don Baylor,34
1978,4,Larry Hisle,34
1978,6,Andre Thornton,33
1978,7,Gorman Thomas,32
1978,8,Bobby Bonds,31
1978,8,Rico Carty,31
1978,10,Dave Parker,30
1977,1,George Foster,52
1977,2,Jeff Burroughs,41
1977,3,Jim Rice,39
1977,3,Greg Luzinski,39
1977,5,Mike Schmidt,38
1977,6,Bobby Bonds,37
1977,6,Graig Nettles,37
1977,8,George Scott,33
1977,8,Steve Garvey,33
1977,10,Reggie Smith,32
1977,10,Reggie Jackson,32
1976,1,Mike Schmidt,38
1976,2,Dave Kingman,37
1976,3,Rick Monday,32
1976,3,Graig Nettles,32
1976,5,George Foster,29
1976,6,Reggie Jackson,27
1976,6,Joe Morgan,27
1976,6,Sal Bando,27
1976,9,Lee May,25
1976,9,Jim Rice,25
1976,9,George Hendrick,25
1975,1,Mike Schmidt,38
1975,2,George Scott,36
1975,2,Dave Kingman,36
1975,2,Reggie Jackson,36
1975,5,John Mayberry,34
1975,5,Greg Luzinski,34
1975,7,Bobby Bonds,32
1975,8,Gene Tenace,29
1975,8,Jeff Burroughs,29
1975,10,Johnny Bench,28
1974,1,Mike Schmidt,36
1974,2,Johnny Bench,33
1974,3,Dick Allen,32
1974,3,Jim Wynn,32
1974,5,Reggie Jackson,29
1974,6,Tony Pérez,28
1974,7,César Cedeño,26
1974,7,Gene Tenace,26
1974,9,Darrell Evans,25
1974,9,Bobby Darwin,25
1974,9,Willie Stargell,25
1974,9,Jeff Burroughs,25
1973,1,Willie Stargell,44
1973,2,Davey Johnson,43
1973,3,Darrell Evans,41
1973,4,Henry Aaron,40
1973,5,Bobby Bonds,39
1973,6,Reggie Jackson,32
1973,7,Frank Robinson,30
1973,7,Jeff Burroughs,30
1973,9,Sal Bando,29
1973,9,Greg Luzinski,29
1973,9,Willie McCovey,29
1972,1,Johnny Bench,40
1972,2,Nate Colbert,38
1972,3,Billy Williams,37
1972,3,Dick Allen,37
1972,5,Henry Aaron,34
1972,6,Bobby Murcer,33
1972,6,Willie Stargell,33
1972,8,Lee May,29
1972,8,Dave Kingman,29
1972,10,Earl Williams,28
1971,1,Willie Stargell,48
1971,2,Henry Aaron,47
1971,3,Lee May,39
1971,4,Deron Johnson,34
1971,5,Earl Williams,33
1971,5,Bill Melton,33
1971,5,Bobby Bonds,33
1971,8,Norm Cash,32
1971,8,Reggie Jackson,32
1971,10,Reggie Smith,30
1971,10,Willie Montañez,30
1970,1,Johnny Bench,45
1970,2,Frank Howard,44
1970,3,Billy Williams,42
1970,4,Harmon Killebrew,41
1970,5,Carl Yastrzemski,40
1970,5,Tony Pérez,40
1970,7,Willie McCovey,39
1970,8,Henry Aaron,38
1970,8,Nate Colbert,38
1970,10,Tony Conigliaro,36
1969,1,Harmon Killebrew,49
1969,2,Frank Howard,48
1969,3,Reggie Jackson,47
1969,4,Willie McCovey,45
1969,5,Henry Aaron,44
1969,6,Rico Petrocelli,40
1969,6,Carl Yastrzemski,40
1969,8,Lee May,38
1969,9,Boog Powell,37
1969,9,Tony Pérez,37
1968,1,Frank Howard,44
1968,2,Willie Horton,36
1968,2,Willie McCovey,36
1968,4,Ken Harrelson,35
1968,5,Dick Allen,33
1968,6,Ernie Banks,32
1968,7,Billy Williams,30
1968,8,Henry Aaron,29
1968,8,Reggie Jackson,29
1968,10,Ron Santo,26
1968,10,Jim Wynn,26
1967,1,Carl Yastrzemski,44
1967,1,Harmon Killebrew,44
1967,3,Henry Aaron,39
1967,4,Jim Wynn,37
1967,5,Frank Howard,36
1967,6,Ron Santo,31
1967,6,Willie McCovey,31
1967,8,Frank Robinson,30
1967,9,Jim Ray Hart,29
1967,10,Billy Williams,30
1968,8,Henry Aaron,29
1968,8,Reggie Jackson,29
1968,10,Ron Santo,26
1968,10,Jim Wynn,26
1967,1,Carl Yastrzemski,44
1967,1,Harmon Killebrew,44
1967,3,Henry Aaron,39
1967,4,Jim Wynn,37
1967,5,Frank Howard,36
1967,6,Ron Santo,31
1967,6,Willie McCovey,31
1967,8,Frank Robinson,30
1967,9,Jim Ray Hart,29
1967,10,Billy Williams,28
1966,1,Frank Robinson,49
1966,2,Henry Aaron,44
1966,3,Dick Allen,40
1966,4,Harmon Killebrew,39
1966,5,Willie Mays,37
1966,6,Joe Torre,36
1966,6,Willie McCovey,36
1966,8,Boog Powell,34
1966,9,Willie Stargell,33
1966,9,Jim Ray Hart,33
1965,1,Willie Mays,52
1965,2,Willie McCovey,39
1965,3,Billy Williams,34
1965,4,Ron Santo,33
1965,4,Frank Robinson,33
1965,6,Tony Conigliaro,32
1965,6,Deron Johnson,32
1965,6,Henry Aaron,32
1965,6,Eddie Mathews,32
1965,6,Johnny Callison,32
1964,1,Harmon Killebrew,49
1964,2,Willie Mays,47
1964,3,Boog Powell,39
1964,4,Mickey Mantle,35
1964,5,Rocky Colavito,34
1964,6,Dick Stuart,33
1964,6,Billy Williams,33
1964,8,Bob Allison,32
1964,8,Tony Oliva,32
1964,10,Leon Wagner,31
1964,10,Johnny Callison,31
1964,10,Orlando Cepeda,31
1964,10,Jim Ray Hart,31
1963,1,Harmon Killebrew,45
1963,2,Henry Aaron,44
1963,2,Willie McCovey,44
1963,4,Dick Stuart,42
1963,5,Willie Mays,38
1963,6,Bob Allison,35
1963,7,Orlando Cepeda,34
1963,8,Jimmie Hall,33
1963,9,Frank Howard,28
1963,9,Elston Howard,28
1962,1,Willie Mays,49
1962,2,Harmon Killebrew,48
1962,3,Henry Aaron,45
1962,4,Frank Robinson,39
1962,4,Norm Cash,39
1962,6,Ernie Banks,37
1962,6,Rocky Colavito,37
1962,6,Leon Wagner,37
1962,9,Orlando Cepeda,35
1962,10,Frank Thomas,34
1961,1,Roger Maris,61
1961,2,Mickey Mantle,54
1961,3,Jim Gentile,46
1961,3,Harmon Killebrew,46
1961,3,Orlando Cepeda,46
1961,6,Rocky Colavito,45
1961,7,Norm Cash,41
1961,8,Willie Mays,40
1961,9,Frank Robinson,37
1961,10,Joe Adcock,35
1961,10,Dick Stuart,35
1960,1,Ernie Banks,41
1960,2,Henry Aaron,40
1960,2,Mickey Mantle,40
1960,4,Eddie Mathews,39
1960,4,Roger Maris,39
1960,6,Jim Lemon,38
1960,7,Rocky Colavito,35
1960,8,Ken Boyer,32
1960,9,Frank Robinson,31
1960,9,Harmon Killebrew,31
1959,1,Eddie Mathews,46
1959,2,Ernie Banks,45
1959,3,Rocky Colavito,42
1959,3,Harmon Killebrew,42
1959,5,Henry Aaron,39
1959,6,Frank Robinson,36
1959,7,Willie Mays,34
1959,8,Jim Lemon,33
1959,9,Charlie Maxwell,31
1959,9,Mickey Mantle,31
1958,1,Ernie Banks,47
1958,2,Mickey Mantle,42
1958,3,Rocky Colavito,41
1958,4,Roy Sievers,39
1958,5,Bob Cerv,38
1958,6,Jackie Jensen,35
1958,6,Frank Thomas,35
1958,8,Frank Robinson,31
1958,8,Eddie Mathews,31
1958,10,Gus Triandos,30
1958,10,Henry Aaron,30
1957,1,Henry Aaron,44
1957,2,Ernie Banks,43
1957,3,Roy Sievers,42
1957,4,Duke Snider,40
1957,5,Ted Williams,38
1957,6,Willie Mays,35
1957,7,Mickey Mantle,34
1957,8,Eddie Mathews,32
1957,9,George Crowe,31
1957,10,Frank Robinson,29
1957,10,Stan Musial,29
1956,1,Mickey Mantle,52
1956,2,Duke Snider,43
1956,3,Frank Robinson,38
1956,3,Joe Adcock,38
1956,5,Eddie Mathews,37
1956,6,Wally Post,36
1956,6,Willie Mays,36
1956,8,Ted Kluszewski,35
1956,9,Gil Hodges,32
1956,9,Vic Wertz,32
1956,9,Stan Lopata,32
1955,1,Willie Mays,51
1955,2,Ted Kluszewski,47
1955,3,Ernie Banks,44
1955,4,Duke Snider,42
1955,5,Eddie Mathews,41
1955,6,Wally Post,40
1955,7,Mickey Mantle,37
1955,8,Stan Musial,33
1955,9,Roy Campanella,32
1955,10,Gus Zernial,30
1954,1,Ted Kluszewski,49
1954,2,Gil Hodges,42
1954,3,Hank Sauer,41
1954,3,Willie Mays,41
1954,5,Duke Snider,40
1954,5,Eddie Mathews,40
1954,7,Stan Musial,35
1954,8,Larry Doby,32
1954,9,Ted Williams,29
1954,10,Jim Greengrass,27
1954,10,Mickey Mantle,27
1953,1,Eddie Mathews,47
1953,2,Al Rosen,43
1953,3,Duke Snider,42
1953,3,Gus Zernial,42
1953,5,Roy Campanella,41
1953,6,Ted Kluszewski,40
1953,7,Ralph Kiner,35
1953,8,Gil Hodges,31
1953,9,Gus Bell,30
1953,9,Frank Thomas,30
1953,9,Stan Musial,30
1952,1,Hank Sauer,37
1952,1,Ralph Kiner,37
1952,3,Gil Hodges,32
1952,3,Larry Doby,32
1952,5,Luke Easter,31
1952,6,Yogi Berra,30
1952,7,Gus Zernial,29
1952,7,Walt Dropo,29
1952,9,Al Rosen,28
1952,10,Sid Gordon,25
1952,10,Eddie Mathews,25
1951,1,Ralph Kiner,42
1951,2,Gil Hodges,40
1951,3,Roy Campanella,33
1951,3,Gus Zernial,33
1951,5,Bobby Thomson,32
1951,5,Stan Musial,32
1951,7,Ted Williams,30
1951,7,Hank Sauer,30
1951,7,Andy Pafko,30
1951,10,Duke Snider,29
1951,10,Sid Gordon,29
1951,10,Eddie Robinson,29
1950,1,Ralph Kiner,47
1950,2,Al Rosen,37
1950,3,Andy Pafko,36
1950,4,Walt Dropo,34
1950,5,Gil Hodges,32
1950,5,Hank Sauer,32
1950,5,Joe DiMaggio,32
1950,8,Roy Campanella,31
1950,8,Duke Snider,31
1950,8,Del Ennis,31
1949,1,Ralph Kiner,54
1949,2,Ted Williams,43
1949,3,Vern Stephens,39
1949,4,Stan Musial,36
1949,5,Hank Sauer,31
1949,6,Bobby Thomson,27
1949,7,Sid Gordon,26
1949,8,Del Ennis,25
1949,9,Larry Doby,24
1949,9,Tommy Henrich,24
1949,9,Sam Chapman,24
1949,9,Andy Seminick,24
1949,9,Jack Graham,24
1948,1,Johnny Mize,40
1948,1,Ralph Kiner,40
1948,3,Joe DiMaggio,39
1948,3,Stan Musial,39
1948,5,Hank Sauer,35
1948,6,Joe Gordon,32
1948,7,Ken Keltner,31
1948,8,Sid Gordon,30
1948,8,Del Ennis,30
1948,10,Vern Stephens,29
1947,1,Johnny Mize,51
1947,1,Ralph Kiner,51
1947,3,Willard Marshall,36
1947,4,Walker Cooper,35
1947,5,Ted Williams,32
1947,6,Joe Gordon,29
1947,6,Bobby Thomson,29
1947,8,Jeff Heath,27
1947,8,Whitey Kurowski,27
1947,10,Bill Nicholson,26
1946,1,Hank Greenberg,44
1946,2,Ted Williams,38
1946,3,Charlie Keller,30
1946,4,Pat Seerey,26
1946,5,Joe DiMaggio,25
1946,6,Ralph Kiner,23
1946,7,Johnny Mize,22
1946,8,Sam Chapman,20
1946,9,Tommy Henrich,19
1946,10,Bobby Doerr,18
1946,10,Enos Slaughter,18
1945,1,Tommy Holmes,28
1945,2,Chuck Workman,25
1945,3,Vern Stephens,24
1945,4,Buster Adams,22
1945,5,Mel Ott,21
1945,5,Whitey Kurowski,21
1945,7,Ernie Lombardi,19
1945,7,Vince DiMaggio,19
1945,9,Rudy York,18
1945,9,Danny Gardella,18
1945,9,Nick Etten,18
1945,9,Roy Cullenbine,18
1944,1,Bill Nicholson,33
1944,2,Mel Ott,26
1944,3,Nick Etten,22
1944,3,Ron Northey,22
1944,5,Frank McCormick,20
1944,5,Vern Stephens,20
1944,5,Whitey Kurowski,20
1944,8,Rudy York,18
1944,8,Johnny Lindell,18
1944,8,Stan Spence,18
1943,1,Rudy York,34
1943,2,Charlie Keller,31
1943,3,Bill Nicholson,29
1943,4,Vern Stephens,22
1943,5,Josh Gibson,20
1943,6,Jeff Heath,18
1943,6,Mel Ott,18
1943,8,Joe Gordon,17
1943,8,Chet Laabs,17
1943,10,Bobby Doerr,16
1943,10,Ron Northey,16
1942,1,Ted Williams,36
1942,2,Mel Ott,30
1942,3,Chet Laabs,27
1942,4,Dolph Camilli,26
1942,4,Johnny Mize,26
1942,4,Charlie Keller,26
1942,7,Bill Nicholson,21
1942,7,Rudy York,21
1942,7,Joe DiMaggio,21
1942,10,Joe Gordon,18
1941,1,Ted Williams,37
1941,2,Dolph Camilli,34
1941,3,Charlie Keller,33
1941,4,Tommy Henrich,31
1941,5,Joe DiMaggio,30
1941,6,Rudy York,27
1941,6,Mel Ott,27
1941,8,Bill Nicholson,26
1941,9,Babe Young,25
1941,9,Sam Chapman,25
1940,1,Johnny Mize,43
1940,2,Hank Greenberg,41
1940,3,Jimmie Foxx,36
1940,4,Rudy York,33
1940,5,Joe DiMaggio,31
1940,5,Bob Johnson,31
1940,7,Joe Gordon,30
1940,8,Joe Kuhel,27
1940,9,Bill Nicholson,25
1940,9,Hal Trosky,25
1939,1,Jimmie Foxx,35
1939,2,Hank Greenberg,33
1939,3,Ted Williams,31
1939,4,Joe DiMaggio,30
1939,5,Joe Gordon,28
1939,5,Johnny Mize,28
1939,7,Mel Ott,27
1939,8,Dolph Camilli,26
1939,9,Hal Trosky,25
1939,10,Hank Leiber,24
1939,10,Bill Dickey,24
1938,1,Hank Greenberg,58
1938,2,Jimmie Foxx,50
1938,3,Mel Ott,36
1938,4,Harlond Clift,34
1938,5,Rudy York,33
1938,6,Joe DiMaggio,32
1938,7,Ival Goodman,30
1938,7,Bob Johnson,30
1938,9,Lou Gehrig,29
1938,10,Bill Dickey,27
1938,10,Johnny Mize,27
1937,1,Joe DiMaggio,46
1937,2,Hank Greenberg,40
1937,3,Lou Gehrig,37
1937,4,Jimmie Foxx,36
1937,5,Rudy York,35
1937,6,Hal Trosky,32
1937,7,Mel Ott,31
1937,7,Joe Medwick,31
1937,9,Bill Dickey,29
1937,9,Harlond Clift,29
1936,1,Lou Gehrig,49
1936,2,Hal Trosky,42
1936,3,Jimmie Foxx,41
1936,4,Mel Ott,33
1936,5,Joe DiMaggio,29
1936,6,Earl Averill,28
1936,6,Dolph Camilli,28
1936,8,Wally Berger,25
1936,8,Bob Johnson,25
1936,8,Chuck Klein,25
1935,1,Hank Greenberg,36
1935,1,Jimmie Foxx,36
1935,3,Wally Berger,34
1935,4,Mel Ott,31
1935,5,Lou Gehrig,30
1935,6,Bob Johnson,28
1935,7,Hal Trosky,26
1935,8,Dolph Camilli,25
1935,9,Pinky Higgins,23
1935,9,Ripper Collins,23
1935,9,Joe Medwick,23
1934,1,Lou Gehrig,49
1934,2,Jimmie Foxx,44
1934,3,Hal Trosky,35
1934,3,Mel Ott,35
1934,3,Ripper Collins,35
1934,6,Wally Berger,34
1934,6,Bob Johnson,34
1934,8,Earl Averill,31
1934,9,Zeke Bonura,27
1934,10,Hank Greenberg,26
1933,1,Jimmie Foxx,48
1933,2,Babe Ruth,34
1933,3,Lou Gehrig,32
1933,4,Chuck Klein,28
1933,5,Wally Berger,27
1933,6,Mel Ott,23
1933,7,Bob Johnson,21
1933,8,Tony Lazzeri,18
1933,8,Josh Gibson,18
1933,8,Joe Medwick,18
1932,1,Jimmie Foxx,58
1932,2,Babe Ruth,41
1932,3,Mel Ott,38
1932,3,Chuck Klein,38
1932,5,Al Simmons,35
1932,6,Lou Gehrig,34
1932,7,Earl Averill,32
1932,8,Bill Terry,28
1932,9,Don Hurst,24
1932,10,Hack Wilson,23
1932,10,Mickey Cochrane,23
1931,1,Lou Gehrig,46
1931,1,Babe Ruth,46
1931,3,Earl Averill,32
1931,4,Chuck Klein,31
1931,5,Jimmie Foxx,30
1931,6,Mel Ott,29
1931,7,Goose Goslin,24
1931,8,Al Simmons,22
1931,9,Wally Berger,19
1931,10,Babe Herman,18
1931,10,Buzz Arlett,18
1930,1,Hack Wilson,56
1930,2,Babe Ruth,49
1930,3,Lou Gehrig,41
1930,4,Chuck Klein,40
1930,5,Wally Berger,38
1930,6,Gabby Hartnett,37
1930,6,Jimmie Foxx,37
1930,6,Goose Goslin,37
1930,9,Al Simmons,36
1930,10,Babe Herman,35
1929,1,Babe Ruth,46
1929,2,Chuck Klein,43
1929,3,Mel Ott,42
1929,4,Rogers Hornsby,39
1929,4,Hack Wilson,39
1929,6,Lou Gehrig,35
1929,7,Al Simmons,34
1929,8,Jimmie Foxx,33
1929,9,Lefty O'Doul,32
1929,10,Don Hurst,31
1928,1,Babe Ruth,54
1928,2,Hack Wilson,31
1928,2,Jim Bottomley,31
1928,4,Lou Gehrig,27
1928,4,Chick Hafey,27
1928,6,Del Bissonette,25
1928,7,Turkey Stearnes,24
1928,8,Wilson Redus,22
1928,8,Willie Wells,22
1928,10,Rogers Hornsby,21
1928,10,Mule Suttles,21
1927,1,Babe Ruth,60
1927,2,Lou Gehrig,47
1927,3,Hack Wilson,30
1927,3,Cy Williams,30
1927,5,Willie Wells,29
1927,6,Rogers Hornsby,26
1927,7,Bill Terry,20
1927,8,Turkey Stearnes,19
1927,8,Jim Bottomley,19
1927,10,Tony Lazzeri,18
1927,10,Wilson Redus,18
1927,10,Chick Hafey,18
1926,1,Babe Ruth,47
1926,2,Mule Suttles,32
1926,3,Dewey Creacy,23
1926,4,Hack Wilson,21
1926,4,Turkey Stearnes,21
1926,6,Al Simmons,19
1926,6,Jim Bottomley,19
1926,8,Tony Lazzeri,18
1926,8,Cy Williams,18
1926,10,Ken Williams,17
1926,10,Les Bell,17
1926,10,Goose Goslin,17
1925,1,Rogers Hornsby,39
1925,2,Bob Meusel,33
1925,3,Babe Ruth,25
1925,3,Ken Williams,25
1925,5,Gabby Hartnett,24
1925,5,Al Simmons,24
1925,7,Jack Fournier,22
1925,8,Irish Meusel,21
1925,8,Jim Bottomley,21
1925,10,Oscar Charleston,20
1925,10,George Kelly,20
1925,10,Lou Gehrig,20
1924,1,Babe Ruth,46
1924,2,Jack Fournier,27
1924,2,Joe Hauser,27
1924,4,Rogers Hornsby,25
1924,5,Cy Williams,24
1924,6,George Kelly,21
1924,7,Baby Doll Jacobson,19
1924,8,Ken Williams,18
1924,9,Gabby Hartnett,16
1924,9,George Harper,16
1923,1,Babe Ruth,41
1923,1,Cy Williams,41
1923,3,Ken Williams,29
1923,4,Jack Fournier,22
1923,5,Hack Miller,20
1923,5,Heavy Johnson,20
1923,5,Candy Jim Taylor,20
1923,8,Irish Meusel,19
1923,9,Harry Heilmann,18
1923,10,Tris Speaker,17
1923,10,Turkey Stearnes,17
1923,10,Joe Hauser,17
1923,10,Rogers Hornsby,17
1922,1,Rogers Hornsby,42
1922,2,Ken Williams,39
1922,3,Tillie Walker,37
1922,4,Babe Ruth,35
1922,5,Cy Williams,26
1922,6,Harry Heilmann,21
1922,6,Bing Miller,21
1922,8,Oscar Charleston,19
1922,9,George Kelly,17
1922,9,Cliff Lee,17
1921,1,Babe Ruth,59
1921,2,Bob Meusel,24
1921,2,Ken Williams,24
1921,4,George Kelly,23
1921,4,Tillie Walker,23
1921,6,Rogers Hornsby,21
1921,7,Harry Heilmann,19
1921,8,Cy Williams,18
1921,9,Austin McHenry,17
1921,10,Elmer Smith,16
1921,10,Bobby Veach,16
1921,10,Jimmy Dykes,16
1921,10,Jack Fournier,16
1920,1,Babe Ruth,54
1920,2,George Sisler,19
1920,3,Tillie Walker,17
1920,4,Cy Williams,15
1920,5,Happy Felsch,14
1920,5,Irish Meusel,14
1920,7,Joe Jackson,12
1920,7,Elmer Smith,12
1920,9,Bobby Veach,11
1920,9,Edgar Wesley,11
1920,9,George Kelly,11
1920,9,Bob Meusel,11
1920,9,Wally Pipp,11
1920,9,Aaron Ward,11
1919,1,Babe Ruth,29
1919,2,Gavy Cravath,12
1919,3,Benny Kauff,10
1919,3,Home  Run Baker,10
1919,3,Tillie Walker,10
1919,3,George Sisler,10
1919,7,Elmer Smith,9
1919,7,Cy Williams,9
1919,9,Harry Heilmann,8
1919,9,George Burns,8
1919,9,Rogers Hornsby,8
1918,1,Babe Ruth,11
1918,1,Tillie Walker,11
1918,3,Gavy Cravath,8
1918,4,Home Run Baker,6
1918,4,George Burns,6
1918,4,Cy Williams,6
1918,4,Walton Cruise,6
1918,8,Edd Roush,5
1918,8,Smoky Joe Wood,5
1918,8,Harry Heilmann,5
1918,8,Fred Luderus,5
1918,8,George Cutshaw,5
1918,8,Rogers Hornsby,5
1917,1,Dave Robertson,12
1917,1,Gavy Cravath,12
1917,3,Wally Pipp,9
1917,4,Bobby Veach,8
1917,4,Rogers Hornsby,8
1917,6,Ping Bodie,7
1917,7,Jim Hickman,6
1917,7,Casey Stengel,6
1917,7,Larry Doyle,6
1917,7,Happy Felsch,6
1917,7,Ty Cobb,6
1917,7,Home Run Baker,6
1916,1,Cy Williams,12
1916,1,Dave Robertson,12
1916,1,Wally Pipp,12
1916,4,Gavy Cravath,11
1916,5,Home Run Baker,10
1916,6,Zack Wheat,9
1916,6,Benny Kauff,9
1916,8,Casey Stengel,8
1916,8,Dode Paskert,8
1916,10,Vic Saier,7
1916,10,Happy Felsch,7
1916,10,Wally Schang,7
1916,10,Max Carey,7
1916,10,Fred Merkle,7
1915,1,Gavy Cravath,24
1915,2,Hal Chase,17
1915,3,Cy Williams,13
1915,3,Dutch Zwilling,13
1915,5,Benny Kauff,12
1915,5,Frank Schulte,12
1915,7,Vic Saier,11
1915,7,Beals Becker,11
1915,9,Ed Konetchy,10
1915,10,Jimmy Walsh,9
1914,1,Gavy Cravath,19
1914,2,Vic Saier,18
1914,3,Dutch Zwilling,16
1914,4,Duke Kenworthy,15
1914,4,Sherry Magee,15
1914,6,Steve Evans,12
1914,6,Charlie Hanford,12
1914,6,Fred Luderus,12
1914,9,Fred Beck,11
1914,9,Ed Lennox,11
1913,1,Gavy Cravath,19
1913,2,Fred Luderus,18
1913,3,Vic Saier,14
1913,4,Home Run Baker,12
1913,5,Sherry Magee,11
1913,6,Owen Wilson,10
1913,7,Frank Schulte,9
1913,7,Heinie Zimmerman,9
1913,7,Sam Crawford,9
1913,7,Beals Becker,9
1912,1,Heinie Zimmerman,14
1912,2,Frank Schulte,12
1912,3,Fred Merkle,11
1912,3,Gavy Cravath,11
1912,3,Owen Wilson,11
1912,6,Tris Speaker,10
1912,6,Larry Doyle,10
1912,6,Home Run Baker,10
1912,6,Fred Luderus,10
1912,10,Zack Wheat,8
1912,10,Ben Houser,8
1912,10,Ed Konetchy,8
1911,1,Frank Schulte,21
1911,2,Fred Luderus,16
1911,3,Sherry Magee,15
1911,4,Larry Doyle,13
1911,5,Fred Merkle,12
1911,5,Owen Wilson,12
1911,7,Dick Hoblitzell,11
1911,7,Home Run Baker,11
1911,9,Heinie Zimmerman,9
1911,9,Hans Lobert,9
1911,9,Honus Wagner,9
1910,1,Jake Stahl,10
1910,1,Fred Beck,10
1910,1,Frank Schulte,10
1910,4,Duffy Lewis,8
1910,4,Jake Daubert,8
1910,4,Ty Cobb,8
1910,4,Larry Doyle,8
1910,8,Tris Speaker,7
1910,9,Sherry Magee,6
1910,9,John Flynn,6
1909,1,Ty Cobb,9
1909,2,Tris Speaker,7
1909,2,Red Murray,7
1909,4,Jake Stahl,6
1909,4,Beals Becker,6
1909,4,Sam Crawford,6
1909,4,Larry Doyle,6
1909,9,Danny Murphy,5
1909,9,Honus Wagner,5
1908,1,Tim Jordan,12
1908,2,Honus Wagner,10
1908,3,Sam Crawford,7
1908,3,Red Murray,7
1908,5,Joe Tinker,6
1908,5,Bill Hinchman,6
1908,5,Mike Donlin,6
1908,8,Cy Seymour,5
1908,8,Harry Davis,5
1908,8,Tommy Leach,5
1908,8,George Stone,5
1908,8,Ed Konetchy,5
1908,8,Harry Niles,5
1907,1,Dave Brain,10
1907,2,Harry Lumley,9
1907,3,Harry Davis,8
1907,4,Red Murray,7
1907,5,Honus Wagner,6
1907,6,Ty Cobb,5
1907,6,George Browne,5
1907,6,Danny Hoffman,5
1907,6,Socks Seybold,5
1907,10,Hobe Ferris,4
1907,10,Tim Jordan,4
1907,10,Ginger Beaumont,4
1907,10,Sam Crawford,4
1907,10,Roger Bresnahan,4
1907,10,Sammy Strang,4
1907,10,Sherry Magee,4
1907,10,Tommy Leach,4
1907,10,George Stone,4
1906,1,Tim Jordan,12
1906,1,Harry Davis,12
1906,3,Harry Lumley,9
1906,3,Charlie Hickman,9
1906,5,Cy Seymour,8
1906,6,Frank Schulte,7
1906,7,Johnny Bates,6
1906,7,Sherry Magee,6
1906,7,George Stone,6
1906,10,Dave Brain,5
1906,10,Socks Seybold,5
1905,1,Fred Odwell,9
1905,2,Cy Seymour,8
1905,2,Harry Davis,8
1905,4,Harry Lumley,7
1905,4,Bill Dahlen,7
1905,4,Mike Donlin,7
1905,4,George Stone,7
1905,8,Hobe Ferris,6
1905,8,Sam Crawford,6
1905,8,Jimmy Williams,6
1905,8,Danny Murphy,6
1905,8,Socks Seybold,6
1905,8,Honus Wagner,6
1904,1,Harry Davis,10
1904,2,Harry Lumley,9
1904,3,Buck Freeman,7
1904,3,Danny Murphy,7
1904,3,Dave Brain,7
1904,6,Freddy Parent,6
1904,6,Frank Chance,6
1904,6,Cozy Dolan,6
1904,6,Bill Bradley,6
1904,6,Elmer Flick,6
1904,6,Dan McGann,6
1904,6,John Ganzel,6
1904,6,Red Dooin,6
1904,6,Patsy Dougherty,6
1904,6,Charlie Hickman,6
1903,1,Buck Freeman,13
1903,2,Charlie Hickman,12
1903,3,Hobe Ferris,9
1903,3,Jimmy Sheckard,9
1903,5,Socks Seybold,8
1903,6,Pat Moran,7
1903,6,Mike Donlin,7
1903,6,Cy Seymour,7
1903,6,Nap Lajoie,7
1903,6,Sam Mertes,7
1903,6,Ginger Beaumont,7
1903,6,Tommy Leach,7
1903,6,Jimmy Ryan,7
1902,1,Socks Seybold,16
1902,2,Buck Freeman,11
1902,2,Bill Bradley,11
1902,2,Charlie Hickman,11
1902,5,Ed Delahanty,10
1902,6,Bill Keister,9
1902,7,Jimmy Williams,8
1902,7,Hobe Ferris,8
1902,9,Nap Lajoie,7
1902,10,Jimmy Collins,6
1902,10,George LaChance,6
1902,10,Harry Davis,6
1902,10,Tommy Leach,6
1902,10,Charlie Hemphill,6
1902,10,William Clarke,6
1902,10,Bill Coughlin,6
1902,10,Jimmy Ryan,6
1901,1,Sam Crawford,16
1901,2,Nap Lajoie,14
1901,3,Buck Freeman,12
1901,4,Jimmy Sheckard,11
1901,5,Jesse Burkett,10
1901,6,Mike Grady,9
1901,7,John Anderson,8
1901,7,Harry Davis,8
1901,7,Socks Seybold,8
1901,7,Ed Delahanty,8
1901,7,Elmer Flick,8
1901,7,Ginger Beaumont,8
1900,1,Herman Long,12
1900,2,Elmer Flick,11
1900,3,Mike Donlin,10
1900,4,Charlie Hickman,9
1900,5,Billy Sullivan,8
1900,6,Sam Crawford,7
1900,6,Nap Lajoie,7
1900,6,Jesse Burkett,7
1900,6,Sam Mertes,7
1900,10,Joe Kelley,6
1900,10,Jimmy Collins,6
1900,10,Buck Freeman,6
1899,1,Buck Freeman,25
1899,2,Bobby Wallace,12
1899,3,Sam Mertes,9
1899,3,Ed Delahanty,9
1899,3,Jimmy Williams,9
1899,6,Chick Stahl,7
1899,6,Honus Wagner,7
1899,6,Jesse Burkett,7
1899,6,Dan McGann,7
1899,10,Joe Kelley,6
1899,10,Herman Long,6
1899,10,Danny Green,6
1899,10,Tom O'Brien,6
1899,10,Nap Lajoie,6
1899,10,Mike Donlin,6
1899,10,Jack O'Brien,6
1898,1,Jimmy Collins,15
1898,2,Honus Wagner,10
1898,2,Bill Joyce,10
1898,4,Ed McKean,9
1898,4,John Anderson,9
1898,6,Hugh Duffy,8
1898,6,Elmer Flick,8
1898,8,Herman Long,6
1898,8,Billy Hoy,6
1898,8,Nap Lajoie,6
1897,1,Hugh Duffy,11
1897,2,George Davis,10
1897,3,Nap Lajoie,9
1897,4,Jake Beckley,8
1897,4,Mike Grady,8
1897,6,James Stafford,7
1897,7,Jimmy Collins,6
1897,7,Bill Dahlen,6
1897,7,Fred Clarke,6
1897,7,Jack Clements,6
1897,7,Elmer Smith,6
1897,7,Klondike Douglass,6
1896,1,Ed Delahanty,13
1896,1,Bill Joyce,13
1896,3,Sam Thompson,12
1896,4,Roger Connor,11
1896,5,Bill Dahlen,9
1896,5,Fred Clarke,9
1896,5,Jake Beckley,9
1896,8,Joe Kelley,8
1896,8,Gene DeMontreville,8
1896,10,George LaChance,7
1896,10,Ed McKean,7
1896,10,Tom McCreery,7
1896,10,Mike Tiernan,7
1896,10,Tom Parrott,7
1895,1,Sam Thompson,18
1895,2,Bill Joyce,17
1895,3,Jack Clements,13
1895,4,Ed Delahanty,11
1895,5,Joe Kelley,10
1895,5,John Anderson,10
1895,5,Billy Nash,10
1895,5,Bill Lange,10
1895,5,Dusty Miller,10
1895,5,Deacon McGuire,10
1894,1,Hugh Duffy,18
1894,2,Bobby Lowe,17
1894,2,Bill Joyce,17
1894,4,Bill Dahlen,15
1894,5,Jimmy Bannon,13
1894,5,Tommy McCarthy,13
1894,5,Jim Canavan,13
1894,5,Bug Holliday,13
1894,5,Sam Thompson,13
1894,5,Jake Stenzel,13
1893,1,Ed Delahanty,19
1893,2,Jack Clements,17
1893,3,Bobby Lowe,14
1893,3,Mike Tiernan,14
1893,5,Roger Connor,11
1893,5,George Davis,11
1893,5,Sam Thompson,11
1893,8,Billy Nash,10
1893,9,Joe Kelley,9
1893,9,Eddie Burke,9
1892,1,Bug Holliday,13
1892,2,Roger Connor,12
1892,3,Jimmy Ryan,10
1892,3,Jake Beckley,10
1892,5,Sam Thompson,9
1892,6,Germany Smith,8
1892,6,Buck Ewing,8
1892,6,Denny Lyons,8
1892,6,Jack Clements,8
1892,6,Lou Bierbauer,8
1892,6,Duke Farrell,8
1892,6,Perry Werden,8
1892,6,Henry Larkin,8
1891,1,Harry Stovey,16
1891,1,Mike Tiernan,16
1891,3,Duke Farrell,12
1891,4,Walt Wilmot,11
1891,4,John Milligan,11
1891,4,Denny Lyons,11
1891,7,Charlie Duffee,10
1891,7,Henry Larkin,10
1891,7,Tip O'Neill,10
1891,7,Jim Canavan,10
1890,1,Hardy Richardson,16
1890,2,Roger Connor,14
1890,3,Thomas Burns,13
1890,3,Walt Wilmot,13
1890,3,Mike Tiernan,13
1890,6,Harry Stovey,12
1890,7,George Gore,10
1890,7,Billy Shindle,10
1890,9,Jim O'Rourke,9
1890,9,Jake Beckley,9
1890,9,Jocko Fields,9
1890,9,George Wood,9
1890,9,Count Campau,9
1889,1,Sam Thompson,20
1889,2,Bug Holliday,19
1889,2,Harry Stovey,19
1889,4,Jerry Denny,18
1889,5,Jimmy Ryan,17
1889,6,Charlie Duffee,16
1889,7,Roger Connor,13
1889,8,Hugh Duffy,12
1889,8,John Milligan,12
1889,10,Duke Farrell,11
1888,1,Jimmy Ryan,16
1888,2,Roger Connor,14
1888,3,John Reilly,13
1888,4,Dick Johnston,12
1888,4,Cap Anson,12
1888,4,Jerry Denny,12
1888,7,Tom Brown,9
1888,7,King Kelly,9
1888,7,Dan Brouthers,9
1888,7,Mike Tiernan,9
1888,7,Harry Stovey,9
1888,7,Billy O'Brien,9
1887,1,Billy O'Brien,19
1887,2,Roger Connor,17
1887,3,Fred Pfeffer,16
1887,4,George Wood,14
1887,4,Tip O'Neill,14
1887,6,John Morrill,12
1887,6,Dan Brouthers,12
1887,8,Jimmy Ryan,11
1887,8,Jerry Denny,11
1887,10,John Reilly,10
1887,10,Sam Thompson,10
1887,10,Mike Tiernan,10
1887,10,Paul Hines,10
1886,1,Dan Brouthers,11
1886,1,Hardy Richardson,11
1886,3,Cap Anson,10
1886,4,Jerry Denny,9
1886,4,Paul Hines,9
1886,6,Bid McPhee,8
1886,6,Sam Thompson,8
1886,6,Alex McKinnon,8
1886,9,John Morrill,7
1886,9,Fred Pfeffer,7
1886,9,Roger Connor,7
1886,9,Dave Orr,7
1886,9,Harry Stovey,7
1886,9,Fred Dunlap,7
1885,1,Harry Stovey,13
1885,2,Abner Dalrymple,11
1885,3,Frank Fennelly,10
1885,4,King Kelly,9
1885,4,Pete Browning,9
1885,6,Henry Larkin,8
1885,7,Dan Brouthers,7
1885,7,Cap Anson,7
1885,7,Tom Burns,7
1885,7,Sam Thompson,7
1884,1,Ed Williamson,27
1884,2,Fred Pfeffer,25
1884,3,Abner Dalrymple,22
1884,4,Cap Anson,21
1884,5,Dan Brouthers,14
1884,6,King Kelly,13
1884,6,Fred Dunlap,13
1884,8,Ed Crane,12
1884,9,John Reilly,11
1884,10,Harry Stovey,10
1883,1,Harry Stovey,14
1883,2,Charley Jones,10
1883,2,Buck Ewing,10
1883,4,John Reilly,9
1883,5,Jerry Denny,8
1883,5,Joe Hornung,8
1883,7,John Ward,7
1883,8,John Morrill,6
1883,9,Jim Whitney,5
1883,9,Jack Burdock,5
1883,9,Tom Brown,5
1883,9,Charles Fulmer,5
1883,9,George Wood,5
1883,9,Charlie Bennett,5
1882,1,Oscar Walker,7
1882,1,George Wood,7
1882,3,Mike Muldoon,6
1882,3,Dan Brouthers,6
1882,5,Ned Hanlon,5
1882,5,Harry Stovey,5
1882,5,Pete Browning,5
1882,5,Charlie Bennett,5
1882,5,Jim Whitney,5
1882,10,Sam Wise,4
1882,10,Jack Glasscock,4
1882,10,Roger Connor,4
1882,10,Bill Phillips,4
1882,10,Silver Flint,4
1882,10,Paul Hines,4
1882,10,Jackie Hayes,4
1882,10,Ed Swartwood,4
1881,1,Dan Brouthers,8
1881,2,Charlie Bennett,7
1881,3,Jack Farrell,5
1881,4,Tom Burns,4
1881,5,Lew Brown,3
1881,5,Fred Dunlap,3
1881,7,Ned Hanlon,2
1881,7,Harry Stovey,2
1881,7,Hick Carpenter,2
1881,7,Roger Connor,2
1881,7,George Bradley,2
1881,7,Tom York,2
1881,7,Paul Hines,2
1881,7,George Wood,2
1881,7,Joe Hornung,2
1881,7,King Kelly,2
1881,7,Hardy Richardson,2
1880,1,Harry Stovey,6
1880,1,Jim O'Rourke,6
1880,3,Charley Jones,5
1880,4,Fred Dunlap,4
1880,5,John O'Rourke,3
1880,5,Roger Connor,3
1880,5,Paul Hines,3
1880,5,Jack Farrell,3
1880,9,Curry Foley,2
1880,9,Patrick Gillespie,2
1880,9,Mike Mansell,2
1880,9,Jack Manning,2
1880,9,Jack Burdock,2
1880,9,George Gore,2
1880,9,John Morrill,2
1879,1,Charley Jones,9
1879,2,John O'Rourke,6
1879,3,Dan Brouthers,4
1879,4,Charlie Eden,3
1879,5,Paul Hines,2
1879,5,Sadie Houck,2
1879,5,Lew Brown,2
1879,5,John Ward,2
1879,5,Joe Start,2
1879,5,Pop Snyder,2
1879,5,King Kelly,2
1879,5,Buttercup Dickerson,2
1878,1,Paul Hines,4
1878,2,Charley Jones,3
1878,3,Cal McVey,2
1878,3,Russ McKelvy,2
1878,5,Jim O'Rourke,1
1878,5,Ezra Sutton,1
1878,5,Frank Hankinson,1
1878,5,Jack Remsen,1
1878,5,Joe Start,1
1878,5,Ed Williamson,1
1878,5,Charlie Bennett,1
1878,5,Jake Goodman,1
1878,5,Lew Brown,1
1878,5,Dick Higham,1
1878,5,John Ward,1
1878,5,Tom York,1
1877,1,Lip Pike,4
1877,2,Orator Shafer,3
1877,3,Deacon White,2
1877,3,Pop Snyder,2
1877,3,Charley Jones,2
1877,6,Lew Brown,1
1877,6,Tim Murnane,1
1877,6,Tom Carey,1
1877,6,Terry Larkin,1
1877,6,Joe Start,1
1877,6,Tom York,1
1877,6,Bill Crowley,1
1877,6,Jim Devlin,1
1877,6,Joe Gerhardt,1
1877,6,Bill Hague,1
1877,6,Joe Battin,1
1876,1,George Hall,5
1876,2,Charley Jones,4
1876,3,Cap Anson,2
1876,3,Joe Gerhardt,2
1876,3,Paul Hines,2
1876,3,Jimmy Hallinan,2
1876,3,Jim O'Rourke,2
1876,3,Tim Murnane,2
1876,3,Jack Manning,2
1876,3,Lew Brown,2
1875,1,Jim O'Rourke,6
1875,2,George Hall,4
1875,2,Joe Start,4
1875,4,Jimmy Hallinan,3
1875,4,Cal McVey,3
1875,6,Bill Craver,2
1875,6,George Wright,2
1875,6,Harry Luff,2
1875,6,John McMullin,2
1875,10,Everett Mills,1
1875,10,John Cassidy,1
1875,10,Art Allison,1
1875,10,Pop Snyder,1
1875,10,Tim Murnane,1
1875,10,Levi Meyerle,1
1875,10,Bill Boyd,1
1875,10,Deacon White,1
1875,10,Jack Manning,1
1875,10,Andy Leonard,1
1875,10,Ross Barnes,1
1875,10,Ezra Sutton,1
1874,1,Jim O'Rourke,5
1874,2,John Clapp,3
1874,2,Cal McVey,3
1874,2,Deacon White,3
1874,5,John McMullin,2
1874,5,Joe Start,2
1874,5,George Wright,2
1874,5,Harry Wright,2
1874,5,Jack Remsen,2
1874,5,Ned Cuthbert,2
1873,1,Lip Pike,4
1873,2,George Wright,3
1873,2,Levi Meyerle,3
1873,4,Harry Schafer,2
1873,4,John Hatfield,2
1873,4,Jack Burdock,2
1873,4,Harry Wright,2
1873,4,Ned Cuthbert,2
1873,4,Ross Barnes,2
1873,4,Tom York,2
1873,4,Cal McVey,2
1872,1,Lip Pike,7
1872,2,Count Gedney,3
1872,3,Jimmy Wood,2
1872,3,Fred Treacey,2
1872,3,Tom Carey,2
1872,3,Dick Higham,2
1872,3,Andy Leonard,2
1872,3,George Wright,2
1872,9,Fraley Rogers,1
1872,9,Dickey Pearce,1
1872,9,John Hatfield,1
1872,9,Charles Fulmer,1
1872,9,Bill Boyd,1
1872,9,John Clapp,1
1872,9,Cy Bentley,1
1872,9,Jack Remsen,1
1872,9,Harry Schafer,1
1872,9,Ned Cuthbert,1
1872,9,Ross Barnes,1
1872,9,John Radcliff,1
1872,9,George Hall,1
1872,9,Cherokee Fisher,1
1872,9,Levi Meyerle,1
1871,1,Lip Pike,4
1871,1,Levi Meyerle,4
1871,1,Fred Treacey,4
1871,4,Ned Cuthbert,3
1871,4,Ezra Sutton,3
1871,4,John Bass,3
1871,7,Marshall King,2
1871,7,Tom York,2
1871,7,Gat Stires,2
1871,7,George Hall,2
1871,7,Doug Allison,2
1871,7,Charlie Gould,2
1871,7,Charlie Hodes,2
